,,,,,,,,,,
tweet/thread,category,link,,,,,,,,
"Graphic designers are history.

AI creates beautiful logos in seconds.

Here's how to create any logo using AI (for free):",,https://twitter.com/moritzkremb/status/1662443800453869568,,,,,,,,
"Graphic designers are history.

AI creates beautiful logos in seconds.

Here's how to create any logo using AI (for free):",,https://twitter.com/moritzkremb/status/1656705799253798913,,,,,,,,
"I've spent months collecting the best AI cheat sheets.

Here are the top 8 AI cheat sheets that will save you hours of work (for free):

1. Ultimate ChatGPT cheat sheet",,https://twitter.com/moritzkremb/status/1656705799253798913,,,,,,,,
20 ChatGPT prompts to finish hours of work in seconds:,,https://twitter.com/moritzkremb/status/1650182557168746496,,,,,,,,
"ChatGPT now has access to the internet.

Here are 20 prompts to grow your business that were not possible before:
",,https://twitter.com/moritzkremb/status/1652018663422083078,,,,,,,,
"spent 500+ hours in the last 6 months mastering ChatGPT.

The most effective way to improve your output is by using prompt frameworks.

Here are my top 5 prompt frameworks to help you level up your prompts:",,https://twitter.com/moritzkremb/status/1711716995987894738,,,,,,,,
8 ChatGPT workflow hacks that will save you hours:,,https://twitter.com/moritzkremb/status/1667170195859816449,,,,,,,,
10 free websites that are so valuable they feel illegal to know:,,https://twitter.com/heykahn/status/1549379680402153472,,,,"Google loves keeping valuable websites from you a secret.

So here's 10 of them you likely never heard of: 

(Can't believe they're free)","The web is an amazing place.

If you know where to look...

8 of the best free resources you should be aware of. (But probably aren't) ","10 incredible free websites that will increase your wealth so much, 

It feels illegal to share them with you:","10 Websites That Use Artificial Intelligence (AI) to Save You Countless Hours of Manual Work:

[ðŸ”– Bookmark for later]",10 insane websites you probably didn't know existed (until now):
"Google just launched Duet AI.

It is poised to surpass ChatGPT and Copilot.

9 features that you wonâ€™t believe are possible:

(Number 4 is my favorite)",,,,,,,,,,
"How to make $1000 per month?

ChatGPT can help you start building passive income 10x faster.

Here are 10 ways to start making money with ChatGPT, MidJourney and AI and No Code Tools:

[ðŸ”– Bookmark for later]",,https://twitter.com/CodeByPoonam/status/1717446928445870234,,,,,,,,
5 frameworks to become a better prompt champion,,https://twitter.com/moritzkremb/status/1713902866497167366,,,,,,,,